epoch,time,train/giou_loss,train/cls_loss,train/l1_loss,metrics/precision(B),metrics/recall(B),metrics/mAP50(B),metrics/mAP50-95(B),val/giou_loss,val/cls_loss,val/l1_loss,lr/pg0,lr/pg1,lr/pg2
1,104.793,0.8255,1.3487,0.14169,0.95432,0.71713,0.7573,0.44286,0.82056,0.37539,0.10299,0.000661064,0.000661064,0.000661064
2,197.794,0.6888,0.43038,0.05958,0.96101,0.90936,0.9193,0.54546,0.47684,0.42637,0.04327,0.00130144,0.00130144,0.00130144
3,290.875,0.67497,0.42973,0.05833,0.97444,0.86355,0.91814,0.52416,0.57288,0.40665,0.07629,0.00191542,0.00191542,0.00191542
4,382.613,0.74018,0.4568,0.06226,0.97646,0.90895,0.93877,0.56618,0.4637,0.43758,0.04145,0.0018812,0.0018812,0.0018812
5,474.761,0.60675,0.43477,0.04867,0.96743,0.92331,0.94388,0.54154,0.48882,0.40986,0.04218,0.0018416,0.0018416,0.0018416
6,566.116,0.59631,0.42985,0.04567,0.97464,0.8803,0.91428,0.5416,0.49536,0.4224,0.04462,0.001802,0.001802,0.001802
7,657.094,0.63242,0.44235,0.04834,0.94719,0.69675,0.69574,0.43349,nan,nan,nan,0.0017624,0.0017624,0.0017624
8,748.417,0.60977,0.43077,0.04771,0.96725,0.94136,0.94828,0.56844,0.46619,0.41195,0.04092,0.0017228,0.0017228,0.0017228
9,839.964,0.59009,0.42381,0.04309,0.98958,0.94555,0.96392,0.62078,0.41273,0.39515,0.03651,0.0016832,0.0016832,0.0016832
10,931.184,0.54611,0.41287,0.0397,0.98633,0.93447,0.94868,0.57947,0.45952,0.41339,0.03921,0.0016436,0.0016436,0.0016436
11,1022.09,0.56138,0.41799,0.04046,0.98747,0.93825,0.95317,0.60067,0.43428,0.39356,0.03817,0.001604,0.001604,0.001604
12,1112.88,0.54238,0.41482,0.04078,0.96947,0.93725,0.95484,0.60611,0.42371,0.41893,0.03579,0.0015644,0.0015644,0.0015644
13,1204.19,0.56819,0.42327,0.04257,0.90344,0.90637,0.93508,0.6034,0.41589,0.46701,0.03607,0.0015248,0.0015248,0.0015248
14,1295.28,0.53044,0.41195,0.03807,0.98223,0.9253,0.94814,0.59754,0.43005,0.41882,0.03634,0.0014852,0.0014852,0.0014852
15,1386.28,0.54539,0.41517,0.03933,0.98963,0.95056,0.9687,0.64118,0.38343,0.38476,0.0327,0.0014456,0.0014456,0.0014456
16,1477.65,0.51899,0.40747,0.03905,0.97309,0.93633,0.94878,0.58213,0.43787,0.40517,0.03793,0.001406,0.001406,0.001406
17,1568.73,0.53299,0.42195,0.03821,0.98945,0.93924,0.95506,0.61946,0.41333,0.39295,0.03781,0.0013664,0.0013664,0.0013664
18,1659.67,0.51984,0.40911,0.03723,0.98246,0.94866,0.96097,0.62078,0.40456,0.39112,0.03332,0.0013268,0.0013268,0.0013268
19,1750.88,0.51477,0.40377,0.03699,0.98974,0.96079,0.97122,0.62818,0.40539,0.38221,0.035,0.0012872,0.0012872,0.0012872
20,1842.1,0.56788,0.41692,0.04015,0.982,0.94323,0.94714,0.5717,0.45153,0.40162,0.03987,0.0012476,0.0012476,0.0012476
21,1933.73,0.52471,0.40439,0.03603,0.99072,0.95747,0.9721,0.64251,0.39196,0.37788,0.03324,0.001208,0.001208,0.001208
22,2025.33,0.49302,0.40153,0.03409,0.98878,0.96593,0.9749,0.65257,0.37778,0.37345,0.03255,0.0011684,0.0011684,0.0011684
23,2116.34,0.51717,0.41681,0.03693,0.9857,0.96088,0.96794,0.63317,0.39137,0.38168,0.03428,0.0011288,0.0011288,0.0011288
24,2207.01,0.49782,0.40143,0.03423,0.98454,0.96514,0.97168,0.63779,0.39207,0.38014,0.03263,0.0010892,0.0010892,0.0010892
25,2297.81,0.48748,0.40065,0.03452,0.99062,0.95418,0.97143,0.66152,0.36777,0.36695,0.03126,0.0010496,0.0010496,0.0010496
26,2388.9,0.47815,0.39506,0.03283,0.98929,0.95916,0.97341,0.65969,0.37107,0.36963,0.03145,0.00101,0.00101,0.00101
27,2479.43,0.51098,0.40525,0.03501,0.95717,0.95707,0.948,0.61904,0.38892,0.38671,0.03366,0.0009704,0.0009704,0.0009704
28,2569.92,0.48106,0.39995,0.03397,0.99351,0.96614,0.97652,0.66226,0.3675,0.37129,0.03135,0.0009308,0.0009308,0.0009308
29,2661.35,0.46216,0.39524,0.03221,0.98576,0.96498,0.973,0.65575,0.3708,0.3711,0.03107,0.0008912,0.0008912,0.0008912
30,2752.22,0.46489,0.39654,0.03241,0.98987,0.97298,0.97824,0.65369,0.37434,0.37159,0.03176,0.0008516,0.0008516,0.0008516
31,2842.99,0.46544,0.39764,0.03203,0.98468,0.96054,0.96739,0.64381,0.37608,0.37992,0.03169,0.000812,0.000812,0.000812
32,2933.59,0.45763,0.39433,0.03156,0.99794,0.96308,0.9743,0.65469,0.37591,0.37197,0.03176,0.0007724,0.0007724,0.0007724
33,3024.62,0.48166,0.40124,0.03328,0.98974,0.96123,0.96927,0.66301,0.36667,0.3658,0.03117,0.0007328,0.0007328,0.0007328
34,3116.02,0.44689,0.39137,0.03057,0.99265,0.96713,0.97425,0.67037,0.3589,0.36225,0.03083,0.0006932,0.0006932,0.0006932
35,3207.69,0.46595,0.39333,0.03319,0.98361,0.96614,0.97127,0.66387,0.36224,0.36743,0.03096,0.0006536,0.0006536,0.0006536
36,3298.56,0.46327,0.3934,0.03214,0.98574,0.96375,0.96643,0.65335,0.37722,0.37236,0.03209,0.000614,0.000614,0.000614
37,3389.19,0.44792,0.38975,0.0306,0.98989,0.96315,0.97513,0.65169,0.37757,0.37831,0.03237,0.0005744,0.0005744,0.0005744
38,3480.03,0.44285,0.38641,0.03001,0.99011,0.97211,0.98034,0.67891,0.35147,0.35842,0.02971,0.0005348,0.0005348,0.0005348
39,3570.85,0.45508,0.39082,0.0309,0.98879,0.96614,0.97452,0.67218,0.35535,0.36171,0.0302,0.0004952,0.0004952,0.0004952
40,3661.72,0.4386,0.38775,0.03005,0.98635,0.96614,0.97354,0.66467,0.36067,0.36389,0.03041,0.0004556,0.0004556,0.0004556
41,3754,0.39097,0.37191,0.0314,0.98829,0.96713,0.9762,0.67202,0.35567,0.36114,0.03002,0.000416,0.000416,0.000416
42,3845.65,0.38381,0.36749,0.02952,0.9934,0.9741,0.98197,0.67741,0.35341,0.35925,0.03006,0.0003764,0.0003764,0.0003764
43,3936.66,0.3744,0.36125,0.02898,0.98985,0.97158,0.97918,0.68669,0.34732,0.35372,0.0292,0.0003368,0.0003368,0.0003368
44,4028.03,0.37632,0.36252,0.02892,0.99389,0.9714,0.98368,0.67928,0.35267,0.36047,0.02943,0.0002972,0.0002972,0.0002972
45,4119.71,0.37923,0.36282,0.02838,0.99493,0.97664,0.98439,0.69505,0.33854,0.3512,0.02861,0.0002576,0.0002576,0.0002576
46,4211.14,0.37316,0.35901,0.02864,0.99289,0.97305,0.98183,0.68935,0.34215,0.35169,0.02865,0.000218,0.000218,0.000218
47,4302.46,0.36733,0.3602,0.02826,0.99532,0.97709,0.98476,0.68335,0.3483,0.3545,0.029,0.0001784,0.0001784,0.0001784
48,4393.68,0.36624,0.35809,0.02778,0.99364,0.97709,0.98343,0.69467,0.33757,0.35061,0.0282,0.0001388,0.0001388,0.0001388
49,4484.49,0.36467,0.35562,0.02864,0.99444,0.9761,0.98224,0.69157,0.338,0.35266,0.02801,9.92e-05,9.92e-05,9.92e-05
50,4575.93,0.35742,0.35418,0.02719,0.99394,0.97709,0.98316,0.69949,0.33236,0.34753,0.02772,5.96e-05,5.96e-05,5.96e-05
